time,href,author,title
2017-10-10 11:24,http://www.zhongkao.com/e/20171010/59dc3b47e82cb.shtml,中考网,苏科版七年级下数学教案11.4不等式与不等式组的解法(word版)
2017-10-10 06:24,http://tech.ifeng.com/a/20171010/44709534_0.shtml,凤凰科技,厉害了word中国制造 全世界过半生活家电中国产
2017年10月09日 10:002017-10-10 15:24,http://mobile.yesky.com/140/372084640.shtml,天极网,Microsoft Word近期将内置翻译功能
2017年10月09日 15:282017-10-10 15:24,http://www.newskj.org/it/20171009104197.html,每日科技网,Microsoft Word 加入内置翻译功能
2017年10月09日 12:142017-10-10 15:24,http://www.zhongkao.com/e/20171009/59daf502c599d.shtml,中考网,苏科版七年级上数学教案5.3展开与折叠(word版)
2017年10月09日 07:202017-10-10 15:24,http://jx.zjol.com.cn/system/2017/10/05/021604603.shtml,浙江在线,word天!这个嘉兴人的书画收藏将近故宫的一半
2017年10月09日 17:002017-10-10 15:24,http://js.qq.com/a/20171009/051847.htm,大苏网,天柱山筹了一整个秋天 美爆了word山
2017年10月09日 13:232017-10-10 15:24,http://www.wj001.com/news/jrwj/2017-10-09/1666944.html,武进新闻网,"Word天!降温+降雨齐上阵,入冬前最恐怖的季节来了!"
2017年10月08日 17:002017-10-10 15:24,http://video.sina.com.cn/p/news/o/doc/2017-10-08/173467230891.html,新浪,"厉害了word宿迁!小镇绿色逆袭,再造文明生态园"
2017年10月07日 20:002017-10-10 15:24,http://sports.sohu.com/20171007/n516444445.shtml,搜狐体育,word 天!骑车通勤是真心不容易!
2017年10月08日 16:002017-10-10 15:24,http://zj.zjol.com.cn/news/770841.html,浙江在线,号外!号外!Word天台山和合商业街国庆开启营业
2017年10月07日 08:462017-10-10 15:24,http://www.cqtimes.cn/news/article/id/2365778/nowCat/221.html,重庆时报网,word天!市民脚下踩的居然是奥陶纪化石
2017年10月06日 18:012017-10-10 15:24,http://idol001.com/news/tfboys/detail/59d7549a7a11737e228b49be/,爱豆网,[TFBOYS][分享]171006 厉害了word蟹 手拿单反台下画面十分壮观
2017年10月03日 10:002017-10-10 15:24,http://sports.sohu.com/20171003/n515873263.shtml,搜狐体育,厉害了word叔!这个黑金刚征服了全世界!
2017年09月27日 15:002017-10-10 15:24,http://news.sina.com.cn/o/2017-09-27/doc-ifymksyw4322911.shtml,新浪新闻,"厉害了,word 国!"
2017年09月29日 14:002017-10-10 15:24,http://news.sina.com.cn/c/2017-09-29/doc-ifymksyw4817989.shtml,新浪新闻,厉害了word哥!东莞好耐冇试过甘大阵仗!
2017年09月30日 11:002017-10-10 15:24,http://www.chinaz.com/news/2017/0930/810902.shtml,站长之家,"最令人头疼的PDF文档,福昕PDF转Word居然一键搞定"
2017年09月28日 21:002017-10-10 15:24,http://www.cctime.com/html/2017-9-28/1325064.htm,飞象网,PDF怎么编辑内容之跟Word一样简单的编辑技巧
2017年09月28日 10:002017-10-10 15:24,http://news.cq.fang.com/2017-09-28/26709951.htm,搜房网,皆大欢喜!厉害了WORD九龙坡一会一节!
2017年09月26日 10:262017-10-10 15:24,http://www.hljtv.com/folder6/folder34/2017-09-26/414756.shtml,黑龙江网络广播电视台,"Word的天,鞠萍姐姐10月2日来哈尔滨!!!"
2017年09月26日 17:392017-10-10 15:24,http://www.managershare.com/post/510299,经理人分享网,"学会这四大Word精美排版技巧,轻松甩你同期同事一条街"
2017年09月28日 14:142017-10-10 15:24,https://www.woyoo.com/chanye/245909.html,沃游网,"Word天!11位女星时装周的精修、未P和路人照,看完你觉得谁赢了?"
2017年09月28日 14:592017-10-10 15:24,http://www.jinbw.com.cn/a/20170928/n_150658008867330.html,东方今报,"二七一幼:国庆献“好”礼,厉害了word小伙伴!"
2017年09月26日 17:262017-10-10 15:24,http://gz.house.163.com/17/0926/17/CV9DLJM4008786EQ.html,网易,厉害了!Word广州 3000亿元造全球“12小时航空交通圈”
2017年09月24日 15:002017-10-10 15:24,http://news.hbtv.com.cn/p/963759.html,湖北网络广播电视台,厉害了 word恩施!一起去感受“高飞峡谷”的美妙!
2017年09月22日 09:002017-10-10 15:24,http://www.weblz.com.cn/contents/735/2017922/280878.html,泸州网,Word天!网警解密 原来网络可以这样玩……
2017年09月23日 09:202017-10-10 15:24,http://gz.zhongkao.com/e/20170923/59c5b5a835fb3.shtml,中考网,2016-2017广州天河初一上英语期末试题(word版)
2017年09月22日 16:032017-10-10 15:24,http://www.weather.com.cn/xinjiang/xjsy/tqyw/2777478.shtml,中国天气网,"厉害了Word哥,克拉玛依气温将直逼0度!"
2017年09月18日 16:482017-10-10 15:24,http://www.sinotf.com/GB/News/1005/2017-09-18/0OMDAwMDI3MTU0OQ.html,中国贸易金融网,分享一波Word快捷键
2017年09月16日 14:002017-10-10 15:24,http://n.cztv.com/news/12672559.html,新蓝网,厉害了 word浙江制造
